NumberOfSections,EntryPoint,ImageBase,SectionAlignment,FileAlignment,SizeOfImage,SizeOfHeaders,EntropyMean,label
5,7717,4194304,4096,512,126976,1024,4.367192353842276,1
5,60058,4194304,4096,512,200704,1024,4.9112015838514385,1
5,9444,4194304,4096,512,487424,1024,4.696617359279225,1
5,7503,4194304,4096,512,352256,1024,4.921845133464571,1
7,203052,4194304,4096,512,249856,1024,3.7817796369965584,1
7,107648,4194304,4096,512,147456,1024,3.839034199529226,1
5,7740,4194304,4096,512,688128,1024,4.207584161825068,1
5,7717,4194304,4096,512,626688,1024,4.329816878713196,1
4,207906,4194304,4096,512,282624,1024,5.644912952350811,1
5,4585,268435456,4096,4096,5267456,4096,1.400996250690013,1
5,315611,268435456,4096,4096,843776,4096,5.018493055572971,1
5,218480,268435456,4096,4096,659456,4096,4.938840724091941,1
7,146384,5368709120,4096,512,229376,1024,4.316305492350586,0
6,6256,5368709120,4096,512,45056,1024,2.568154400399782,0
7,611008,5368709120,4096,512,970752,1024,4.835428408137444,0
7,102224,5368709120,4096,512,421888,1024,4.2819651052042,0
7,95248,6442450944,4096,512,794624,1024,4.18601537054443,0
10,0,6442450944,4096,512,2064384,1024,4.394529782126982,0
7,18688,6442450944,4096,512,176128,1024,3.9407675830554303,0
7,99536,6442450944,4096,512,1691648,1024,4.293524678400297,0
